lp;Wieś;Gmina;Powiat;Populacja;Status;P;IleNiepustych;1097
1;Adamowice;Lyski;powiat rybnicki;926;;;;
2;Adamów;Kłomnice;powiat częstochowski;418;;;;
3;Albertów;Lipie;powiat kłobucki;319;;;;
4;Aleksandria;Konopiska;powiat częstochowski;2510;;;;
5;Aleksandrów k. Wąsosza;Koniecpol;powiat częstochowski;1;;;;
6;Aleksandrów;Koniecpol;powiat częstochowski;130;;;;
7;Aleksandrów;Panki;powiat kłobucki;107;;;;
8;Aleksandrówka;Przyrów;powiat częstochowski;104;;;;
9;Amandów;Pietrowice Wielkie;powiat raciborski;92;;;;
10;Annolesie;Popów;powiat kłobucki;164;;;;
11;Antolka;Niegowa;powiat myszkowski;35;;;;
12;Antonie;Popów;powiat kłobucki;1;;;;
13;Antoniów;Mykanów;powiat częstochowski;1;;;;
14;Antonów;Przystajń;powiat kłobucki;165;;;;
15;Apolonka;Janów;powiat częstochowski;56;;;;
16;Babice;Nędza;powiat raciborski;801;;;;
17;Babienica;Woźniki;powiat lubliniecki;1084;;;;
18;Baby;Kruszyna;powiat częstochowski;318;;;;
19;Bagna;Przystajń;powiat kłobucki;1;;;;
20;Bargłówka;Sośnicowice;powiat gliwicki;730;;;;
21;Bargły;Poczesna;powiat częstochowski;687;;;;
22;Bartkowice;Kłomnice;powiat częstochowski;323;;;;
23;Bażanowice;Goleszów;powiat cieszyński;1255;;;;
24;Bąków;Strumień;powiat cieszyński;1875;;;;
25;Bełk;Czerwionka-Leszczyny;powiat rybnicki;3464;;;;
26;Bełsznica;Gorzyce;powiat wodzisławski;1172;;;;
27;Bestwina;Bestwina;powiat bielski;4982;;;;
28;Bestwinka;Bestwina;powiat bielski;1706;;;;
29;Biała Błotna;Kroczyce;powiat zawierciański;182;;;;
30;Biała Wielka;Lelów;powiat częstochowski;413;;;;
31;Biała;Kłobuck;powiat kłobucki;1521;;;;
32;Bielowicko;Jasienica;powiat bielski;604;;;;
33;Bieńkowice;Krzyżanowice;powiat raciborski;1169;;;;
34;Bierna;Łodygowice;powiat żywiecki;1153;;;;
35;Biery;Jasienica;powiat bielski;1373;;;;
36;Bieżeń;Wręczyca Wielka;powiat kłobucki;782;;;;
37;Biskupice;Olsztyn;powiat częstochowski;1021;;;;
38;Biskupice;Pilica;powiat zawierciański;249;;;;
39;Bliżyce;Niegowa;powiat myszkowski;518;;;;
40;Bluszczów;Gorzyce;powiat wodzisławski;986;;;;
41;Bładnice Dolne;Skoczów;powiat cieszyński;846;;;;
42;Bładnice Górne;Skoczów;powiat cieszyński;109;;;;
43;Błażejowice;Wielowieś;powiat gliwicki;291;;;;
44;Bobolice;Niegowa;powiat myszkowski;89;;;;
45;Bobrowniki;Bobrowniki;powiat będziński;3328;;;;
46;Bodziejowice;Irządze;powiat zawierciański;189;;;;
47;Boguchwałowice;Mierzęcice;powiat będziński;935;;;;
48;Bogunice;Lyski;powiat rybnicki;795;;;;
49;Bogusławice;Kruszyna;powiat częstochowski;513;;;;
50;Boguszyce;Toszek;powiat gliwicki;249;;;;
51;Bojanów;Krzanowice;powiat raciborski;693;;;;
52;Bojszowy;Bojszowy;powiat bieruńsko-lędziński;7690;;;;
53;Bojszów;Rudziniec;powiat gliwicki;1073;;;;
54;Bolesław;Krzyżanowice;powiat raciborski;462;;;;
55;Bolesławów;Przyrów;powiat częstochowski;151;;;;
56;Boniowice;Zbrosławice;powiat tarnogórski;87;;;;
57;Bonowice;Szczekociny;powiat zawierciański;262;;;;
58;Boronów;Boronów;powiat lubliniecki;3333;;;;
59;Borowa;Miedźno;powiat kłobucki;473;;;;
60;Borowce;Dąbrowa Zielona;powiat częstochowski;97;;;;
61;Borowe;Wręczyca Wielka;powiat kłobucki;1026;;;;
62;Borowianka;Kłobuck;powiat kłobucki;540;;;;
63;Borowiany;Wielowieś;powiat gliwicki;210;;;;
64;Borowno;Mykanów;powiat częstochowski;1276;;;;
65;Borucin;Krzanowice;powiat raciborski;1088;;;;
66;Boruszowice;Tworóg;powiat tarnogórski;964;;;;
67;Bógdał;Szczekociny;powiat zawierciański;70;;;;
68;Bór Zajaciński;Przystajń;powiat kłobucki;278;;;;
69;Bór Zapilski;Wręczyca Wielka;powiat kłobucki;401;;;;
70;Braszczok;Herby;powiat lubliniecki;1;;;;
71;Brenna;Brenna;powiat cieszyński;6445;;;;
72;Bronów;Czechowice-Dziedzice;powiat bielski;1133;;;;
73;Brudzowice;Siewierz;powiat będziński;1174;;;;
74;Brusiek;Koszęcin;powiat lubliniecki;112;;;;
75;Brynek;Tworóg;powiat tarnogórski;570;;;;
76;Brzezinki;Wręczyca Wielka;powiat kłobucki;105;;;;
77;Brzeziny Nowe;Poczesna;powiat częstochowski;362;;;;
78;Brzeziny;Niegowa;powiat myszkowski;12;;;;
79;Brzeziny;Przystajń;powiat kłobucki;314;;;;
80;Brzeziny;Żarnowiec;powiat zawierciański;177;;;;
81;Brzezówka;Hażlach;powiat cieszyński;722;;;;
82;Brzeźce;Pszczyna;powiat pszczyński;1151;;;;
83;Brzeźnica;Rudnik;powiat raciborski;467;;;;
84;Brzękowice Dolne;Psary;powiat będziński;1;;;;
85;Brzękowice Górne;Psary;powiat będziński;214;;;;
86;Brzękowice-Wał;Psary;powiat będziński;220;;;;
87;Brzostek;Szczekociny;powiat zawierciański;89;;;;
88;Brzózki;Lipie;powiat kłobucki;100;;;;
89;Brzózki;Popów;powiat kłobucki;180;;;;
90;Brzuśnik;Radziechowy-Wieprz;powiat żywiecki;1149;;;;
91;Brzyszów;Mstów;powiat częstochowski;453;;;;
92;Buczkowice;Buczkowice;powiat bielski;4419;;;;
93;Budziska;Kuźnia Raciborska;powiat raciborski;716;;;;
94;Bujaków;Porąbka;powiat bielski;2230;;;;
95;Bukowno;Olsztyn;powiat częstochowski;327;;;;
96;Buków;Lubomia;powiat wodzisławski;294;;;;
97;Bycina;Rudziniec;powiat gliwicki;838;;;;
98;Bystra;Radziechowy-Wieprz;powiat żywiecki;981;;;;
99;Bystra;Wilkowice;powiat bielski;4246;;;;
100;Bystrzanowice-Dwór;Janów;powiat częstochowski;105;;;;
101;Bystrzanowice;Janów;powiat częstochowski;266;;;;
102;Cegielnia;Mstów;powiat częstochowski;685;;;;
103;Celiny;Lelów;powiat częstochowski;71;;;;
104;Celiny;Ożarowice;powiat tarnogórski;215;;;;
105;Chałków;Lipie;powiat kłobucki;1;;;;
106;Chałupki;Szczekociny;powiat zawierciański;45;;;;
107;Chałupki;Krzyżanowice;powiat raciborski;1622;;;;
108;Chechło;Rudziniec;powiat gliwicki;498;;;;
109;Chełm Śląski;Chełm Śląski;powiat bieruńsko-lędziński;6288;;;;
110;Chlina;Żarnowiec;powiat zawierciański;714;;;;
111;Chmielarze;Kłomnice;powiat częstochowski;111;;;;
112;Choroń;Poraj;powiat myszkowski;1262;;;;
113;Chorzenice;Kłomnice;powiat częstochowski;589;;;;
114;Chrobakowe;Psary;powiat będziński;182;;;;
115;Chruszczobród-Piaski;Łazy;powiat zawierciański;215;;;;
116;Chruszczobród;Łazy;powiat zawierciański;1649;;;;
117;Chudów;Gierałtowice;powiat gliwicki;1807;;;;
118;Chwostek;Herby;powiat lubliniecki;452;;;;
119;Chybie;Chybie;powiat cieszyński;3980;;;;
120;Ciasna;Ciasna;powiat lubliniecki;1573;;;;
121;Ciągowice;Łazy;powiat zawierciański;663;;;;
122;Ciechowice;Nędza;powiat raciborski;413;;;;
123;Cielętniki;Dąbrowa Zielona;powiat częstochowski;396;;;;
124;Cieszowa;Koszęcin;powiat lubliniecki;221;;;;
125;Cięcina;Węgierska Górka;powiat żywiecki;4254;;;;
126;Ciochowice;Toszek;powiat gliwicki;401;;;;
127;Cisie;Blachownia;powiat częstochowski;629;;;;
128;Cisiec;Węgierska Górka;powiat żywiecki;3224;;;;
129;Cisowa;Pilica;powiat zawierciański;202;;;;
130;Cisownica;Goleszów;powiat cieszyński;1809;;;;
131;Cudków;Dąbrowa Zielona;powiat częstochowski;56;;;;
132;Cyganka;Panki;powiat kłobucki;311;;;;
133;Cykarzew Południowy;Mykanów;powiat częstochowski;1;;;;
134;Cykarzew Północny;Mykanów;powiat częstochowski;926;;;;
135;Cynków;Koziegłowy;powiat myszkowski;1156;;;;
136;Cyprzanów;Pietrowice Wielkie;powiat raciborski;501;;;;
137;Czaniec;Porąbka;powiat bielski;5790;;;;
138;Czarków;Pszczyna;powiat pszczyński;2264;;;;
139;Czarków;Wielowieś;powiat gliwicki;256;;;;
140;Czarna Wieś;Wręczyca Wielka;powiat kłobucki;545;;;;
141;Czarny Las;Mykanów;powiat częstochowski;1113;;;;
142;Czatachowa;Żarki;powiat myszkowski;151;;;;
143;Czekanka;Siewierz;powiat będziński;244;;;;
144;Czekanów;Zbrosławice;powiat tarnogórski;914;;;;
145;Czepurka;Janów;powiat częstochowski;158;;;;
146;Czernica;Gaszowice;powiat rybnicki;2334;;;;
147;Czernichów;Czernichów;powiat żywiecki;1136;;;;
148;Czerwięcice;Rudnik;powiat raciborski;96;;;;
149;Czyżowice;Gorzyce;powiat wodzisławski;3629;;;;
150;Ćwiklice;Pszczyna;powiat pszczyński;2980;;;;
151;Dankowice Drugie;Krzepice;powiat kłobucki;1;;;;
152;Dankowice Pierwsze;Krzepice;powiat kłobucki;868;;;;
153;Dankowice Trzecie;Krzepice;powiat kłobucki;1;;;;
154;Dankowice-Piaski;Krzepice;powiat kłobucki;1;;;;
155;Dankowice;Wilamowice;powiat bielski;2836;;;;
156;Danków;Lipie;powiat kłobucki;544;;;;
157;Dąbek;Dąbrowa Zielona;powiat częstochowski;129;;;;
158;Dąbie Górne;Psary;powiat będziński;1;;;;
159;Dąbie;Psary;powiat będziński;678;;;;
160;Dąbrowa Zielona;Dąbrowa Zielona;powiat częstochowski;790;;;;
161;Dąbrowa;Koniecpol;powiat częstochowski;53;;;;
162;Dąbrowa;Popów;powiat kłobucki;286;;;;
163;Dąbrowa;Przystajń;powiat kłobucki;96;;;;
164;Dąbrowno;Niegowa;powiat myszkowski;425;;;;
165;Dąbrówka;Popów;powiat kłobucki;200;;;;
166;Dąbrówka;Wielowieś;powiat gliwicki;471;;;;
167;Dębie;Popów;powiat kłobucki;268;;;;
168;Dębowa Góra;Boronów;powiat lubliniecki;1;;;;
169;Dębowiec;Dębowiec;powiat cieszyński;1920;;;;
170;Dębowiec;Poraj;powiat myszkowski;67;;;;
171;Długi Kąt;Wręczyca Wielka;powiat kłobucki;515;;;;
172;Dobieszowice;Bobrowniki;powiat będziński;1914;;;;
173;Dobra-Kolonia;Pilica;powiat zawierciański;144;;;;
174;Dobra;Pilica;powiat zawierciański;276;;;;
175;Dobraków;Pilica;powiat zawierciański;430;;;;
176;Dobrogoszczyce;Kroczyce;powiat zawierciański;169;;;;
177;Draliny;Pawonków;powiat lubliniecki;244;;;;
178;Drochlin;Lelów;powiat częstochowski;458;;;;
179;Drogobycza;Woźniki;powiat lubliniecki;1;;;;
180;Drogomyśl;Strumień;powiat cieszyński;2316;;;;
181;Droniowice;Kochanowice;powiat lubliniecki;369;;;;
182;Drużykowa;Szczekociny;powiat zawierciański;275;;;;
183;Dzibice;Kroczyce;powiat zawierciański;486;;;;
184;Dzielna;Ciasna;powiat lubliniecki;271;;;;
185;Dzierżno;Poraj;powiat myszkowski;1;;;;
186;Dziewki;Siewierz;powiat będziński;576;;;;
187;Dzięgielów;Goleszów;powiat cieszyński;1418;;;;
188;Dzimierz;Lyski;powiat rybnicki;488;;;;
189;Dzwono-Sierbowice;Pilica;powiat zawierciański;143;;;;
190;Dzwonowice;Pilica;powiat zawierciański;339;;;;
191;Florianów;Popów;powiat kłobucki;137;;;;
192;Florków;Mykanów;powiat częstochowski;1;;;;
193;Frelichów;Chybie;powiat cieszyński;642;;;;
194;Frydek;Miedźna;powiat pszczyński;1408;;;;
195;Fugasówka;Ogrodzieniec;powiat zawierciański;796;;;;
196;Gajowice;Wielowieś;powiat gliwicki;102;;;;
197;Gamów;Rudnik;powiat raciborski;416;;;;
198;Garnek;Kłomnice;powiat częstochowski;792;;;;
199;Gaszowice;Gaszowice;powiat rybnicki;3117;;;;
200;Gąszczyk;Mstów;powiat częstochowski;105;;;;
201;Gęzyn;Poraj;powiat myszkowski;284;;;;
202;Giebło;Ogrodzieniec;powiat zawierciański;662;;;;
203;Gierałtowice;Gierałtowice;powiat gliwicki;4083;;;;
204;Giętkowizna;Lipie;powiat kłobucki;69;;;;
205;Gilowice;Gilowice;powiat żywiecki;4566;;;;
206;Gilowice;Miedźna;powiat pszczyński;1676;;;;
207;Gliniana Góra;Koziegłowy;powiat myszkowski;296;;;;
208;Glinica;Ciasna;powiat lubliniecki;964;;;;
209;Glinka;Ujsoły;powiat żywiecki;796;;;;
210;Gniazdów;Koziegłowy;powiat myszkowski;872;;;;
211;Goczałkowice-Zdrój;Goczałkowice-Zdrój;powiat pszczyński;6621;;;;
212;Godów;Godów;powiat wodzisławski;1934;;;;
213;Godziszka;Buczkowice;powiat bielski;2337;;;;
214;Godziszów;Goleszów;powiat cieszyński;638;;;;
215;Gogołowa;Mszana;powiat wodzisławski;1101;;;;
216;Golasowice;Pawłowice;powiat pszczyński;1518;;;;
217;Goląsza Biska;Psary;powiat będziński;1;;;;
218;Goląsza Dolna;Psary;powiat będziński;270;;;;
219;Goląsza Górna;Psary;powiat będziński;163;;;;
220;Golce;Wręczyca Wielka;powiat kłobucki;370;;;;
221;Goleniowy;Szczekociny;powiat zawierciański;624;;;;
222;Goleszów;Goleszów;powiat cieszyński;4379;;;;
223;Gołkowice;Godów;powiat wodzisławski;4051;;;;
224;Gołuchowice;Kroczyce;powiat zawierciański;302;;;;
225;Gołuchowice;Siewierz;powiat będziński;387;;;;
226;Gorzelnia;Blachownia;powiat częstochowski;480;;;;
227;Gorzków Nowy;Niegowa;powiat myszkowski;238;;;;
228;Gorzków Stary;Niegowa;powiat myszkowski;120;;;;
229;Gorzyce;Gorzyce;powiat wodzisławski;4019;;;;
230;Gorzyczki;Gorzyce;powiat wodzisławski;2228;;;;
231;Gostyń;Wyry;powiat mikołowski;4532;;;;
232;Góra Siewierska;Psary;powiat będziński;1074;;;;
233;Góra Włodowska;Włodowice;powiat zawierciański;595;;;;
234;Góra;Miedźna;powiat pszczyński;3118;;;;
235;Górki Małe;Brenna;powiat cieszyński;903;;;;
236;Górki Śląskie;Nędza;powiat raciborski;977;;;;
237;Górki Wielkie;Brenna;powiat cieszyński;4344;;;;
238;Górki;Przystajń;powiat kłobucki;190;;;;
239;Góry Gorzkowskie;Janów;powiat częstochowski;29;;;;
240;Grabarze;Lipie;powiat kłobucki;131;;;;
241;Grabiec;Szczekociny;powiat zawierciański;227;;;;
242;Grabowa;Mykanów;powiat częstochowski;300;;;;
243;Grabowa;Łazy;powiat zawierciański;737;;;;
244;Grabówka;Mykanów;powiat częstochowski;337;;;;
245;Grabówka;Lubomia;powiat wodzisławski;211;;;;
246;Grodków;Psary;powiat będziński;1036;;;;
247;Grodziec;Jasienica;powiat bielski;1285;;;;
248;Grodzisko;Wręczyca Wielka;powiat kłobucki;817;;;;
249;Grojec;Boronów;powiat lubliniecki;1;;;;
250;Gródczanki;Pietrowice Wielkie;powiat raciborski;210;;;;
251;Gródek;Lelów;powiat częstochowski;35;;;;
252;Gruszewnia;Kłobuck;powiat kłobucki;385;;;;
253;Grzawa;Miedźna;powiat pszczyński;469;;;;
254;Grzegorzowice;Rudnik;powiat raciborski;528;;;;
255;Gulzów;Ogrodzieniec;powiat zawierciański;285;;;;
256;Gumna;Dębowiec;powiat cieszyński;547;;;;
257;Gustawów;Szczekociny;powiat zawierciański;98;;;;
258;Gwoździany;Pawonków;powiat lubliniecki;649;;;;
259;Hadra;Herby;powiat lubliniecki;510;;;;
260;Hanusek;Tworóg;powiat tarnogórski;592;;;;
261;Harbułtowice;Kochanowice;powiat lubliniecki;236;;;;
262;Harbutowice;Skoczów;powiat cieszyński;914;;;;
263;Hażlach;Hażlach;powiat cieszyński;2526;;;;
264;Hecznarowice;Wilamowice;powiat bielski;2592;;;;
265;Herby;Herby;powiat lubliniecki;2134;;;;
266;Huby;Kłomnice;powiat częstochowski;1;;;;
267;Hucisko;Boronów;powiat lubliniecki;1;;;;
268;Hucisko;Janów;powiat częstochowski;23;;;;
269;Hucisko;Włodowice;powiat zawierciański;313;;;;
270;Huta Stara A;Poczesna;powiat częstochowski;583;;;;
271;Huta Stara B;Poczesna;powiat częstochowski;1567;;;;
272;Huta Szklana;Kroczyce;powiat zawierciański;70;;;;
273;Hutka;Wręczyca Wielka;powiat kłobucki;623;;;;
274;Hutki-Kanki;Łazy;powiat zawierciański;95;;;;
275;Hutki;Konopiska;powiat częstochowski;984;;;;
276;Iłownica;Jasienica;powiat bielski;1007;;;;
277;Irządze;Irządze;powiat zawierciański;503;;;;
278;Iskrzyczyn;Dębowiec;powiat cieszyński;641;;;;
279;Istebna;Istebna;powiat cieszyński;5271;;;;
280;Iwanowice Duże;Opatów;powiat kłobucki;866;;;;
281;Iwanowice Małe;Opatów;powiat kłobucki;464;;;;
282;Iwanowice-Naboków;Opatów;powiat kłobucki;108;;;;
283;Izbiska;Miedźno;powiat kłobucki;298;;;;
284;Jaciska;Panki;powiat kłobucki;156;;;;
285;Jacków;Kruszyna;powiat częstochowski;554;;;;
286;Jamki;Konopiska;powiat częstochowski;686;;;;
287;Jamno;Mykanów;powiat częstochowski;123;;;;
288;Jamrozowizna;Kłomnice;powiat częstochowski;1;;;;
289;Janiki;Panki;powiat kłobucki;250;;;;
290;Jankowice;Kuźnia Raciborska;powiat raciborski;439;;;;
291;Jankowice;Pszczyna;powiat pszczyński;3244;;;;
292;Jankowice;Świerklany;powiat rybnicki;4204;;;;
293;Janowice;Bestwina;powiat bielski;1879;;;;
294;Janów;Janów;powiat częstochowski;1000;;;;
295;Jaroszów;Żarki;powiat myszkowski;231;;;;
296;Jarząbkowice;Pawłowice;powiat pszczyński;672;;;;
297;Jasienica;Jasienica;powiat bielski;5618;;;;
298;Jasieniec;Pilica;powiat zawierciański;25;;;;
299;Jasiona;Zbrosławice;powiat tarnogórski;243;;;;
300;Jaskrów;Mstów;powiat częstochowski;1884;;;;
301;Jastrząb;Poraj;powiat myszkowski;1308;;;;
302;Jastrzębie;Rudnik;powiat raciborski;145;;;;
303;Jaśkowice;Zbrosławice;powiat tarnogórski;181;;;;
304;Jawornica;Kochanowice;powiat lubliniecki;596;;;;
305;Jaworze;Jaworze;powiat bielski;7325;;;;
306;Jaworznik;Żarki;powiat myszkowski;728;;;;
307;Jaworzynka;Istebna;powiat cieszyński;3300;;;;
308;Jaźwiny;Mstów;powiat częstochowski;166;;;;
309;Jedlina;Bojszowy;powiat bieruńsko-lędziński;517;;;;
310;Jejkowice;Jejkowice;powiat rybnicki;4153;;;;
311;Jeleśnia;Jeleśnia;powiat żywiecki;3851;;;;
312;Jezioro;Wręczyca Wielka;powiat kłobucki;394;;;;
313;Jeziorowice;Żarnowiec;powiat zawierciański;218;;;;
314;Jeżowa;Ciasna;powiat lubliniecki;532;;;;
315;Julianka;Przyrów;powiat częstochowski;96;;;;
316;Julianów;Lipie;powiat kłobucki;207;;;;
317;Juszczyna;Radziechowy-Wieprz;powiat żywiecki;1683;;;;
318;Kaczyce;Zebrzydowice;powiat cieszyński;3039;;;;
319;Kalej;Wręczyca Wielka;powiat kłobucki;1884;;;;
320;Kalina;Herby;powiat lubliniecki;455;;;;
321;Kalna;Buczkowice;powiat bielski;958;;;;
322;Kałmuki;Panki;powiat kłobucki;257;;;;
323;Kamesznica;Milówka;powiat żywiecki;2862;;;;
324;Kamienica Polska;Kamienica Polska;powiat częstochowski;1722;;;;
325;Kamienica;Woźniki;powiat lubliniecki;876;;;;
326;Kamieniec;Zbrosławice;powiat tarnogórski;820;;;;
327;Kamień nad Odrą;Gorzyce;powiat wodzisławski;1;;;;
328;Kamieńskie Młyny;Woźniki;powiat lubliniecki;686;;;;
329;Kamieńszczyzna;Popów;powiat kłobucki;209;;;;
330;Kamińsko;Przystajń;powiat kłobucki;162;;;;
331;Kamyk;Kłobuck;powiat kłobucki;1329;;;;
332;Kaniów;Bestwina;powiat bielski;3500;;;;
333;Karchowice;Zbrosławice;powiat tarnogórski;397;;;;
334;Karczewice;Kłomnice;powiat częstochowski;460;;;;
335;Karolina;Rędziny;powiat częstochowski;1;;;;
336;Kawki;Panki;powiat kłobucki;213;;;;
337;Kiczyce;Skoczów;powiat cieszyński;1116;;;;
338;Kidów;Pilica;powiat zawierciański;226;;;;
339;Kieleczka;Wielowieś;powiat gliwicki;83;;;;
340;Kiełkowice;Ogrodzieniec;powiat zawierciański;462;;;;
341;Kierzki;Herby;powiat lubliniecki;1;;;;
342;Kijów;Kruszyna;powiat częstochowski;24;;;;
343;Kisielów;Goleszów;powiat cieszyński;747;;;;
344;Klepaczka;Starcza;powiat częstochowski;171;;;;
345;Klepaczka;Wręczyca Wielka;powiat kłobucki;382;;;;
346;Kleszczowa;Pilica;powiat zawierciański;328;;;;
347;Kleszczów;Rudziniec;powiat gliwicki;1043;;;;
348;Kleśniska;Lipie;powiat kłobucki;460;;;;
349;Kłobukowice;Mstów;powiat częstochowski;234;;;;
350;Kłomnice;Kłomnice;powiat częstochowski;2675;;;;
351;Knieja;Przyrów;powiat częstochowski;31;;;;
352;Kobielice;Suszec;powiat pszczyński;1550;;;;
353;Kobiernice;Porąbka;powiat bielski;3353;;;;
354;Kobiór;Kobiór;powiat pszczyński;5088;;;;
355;Kobyla;Kornowac;powiat raciborski;1164;;;;
356;Kobyłczyce;Mstów;powiat częstochowski;488;;;;
357;Kochanowice;Kochanowice;powiat lubliniecki;2208;;;;
358;Kochcice;Kochanowice;powiat lubliniecki;1860;;;;
359;Kocierz Moszczanicki;Łękawica;powiat żywiecki;986;;;;
360;Kocierz Rychwałdzki;Łękawica;powiat żywiecki;288;;;;
361;Kocikowa;Pilica;powiat zawierciański;497;;;;
362;Koclin;Koziegłowy;powiat myszkowski;109;;;;
363;Kocoń;Ślemień;powiat żywiecki;721;;;;
364;Kokawa;Mykanów;powiat częstochowski;578;;;;
365;Kolonia Klepaczka;Kamienica Polska;powiat częstochowski;120;;;;
366;Kolonia Lisów;Herby;powiat lubliniecki;1;;;;
367;Kolonia Poczesna;Poczesna;powiat częstochowski;977;;;;
368;Kolonia Wierzchowisko;Mykanów;powiat częstochowski;1;;;;
369;Kołaczkowice;Miedźno;powiat kłobucki;588;;;;
370;Konary;Kłomnice;powiat częstochowski;546;;;;
371;Koniaków;Istebna;powiat cieszyński;3579;;;;
372;Konieczki;Panki;powiat kłobucki;409;;;;
373;Konin;Rędziny;powiat częstochowski;960;;;;
374;Konopiska;Konopiska;powiat częstochowski;2959;;;;
375;Konradów;Blachownia;powiat częstochowski;508;;;;
376;Konstantynów;Lelów;powiat częstochowski;70;;;;
377;Kończyce Małe;Zebrzydowice;powiat cieszyński;3428;;;;
378;Kończyce Wielkie;Hażlach;powiat cieszyński;1891;;;;
379;Kopalnia;Konopiska;powiat częstochowski;541;;;;
380;Kopaniny;Przyrów;powiat częstochowski;29;;;;
381;Kopciowice;Chełm Śląski;powiat bieruńsko-lędziński;1;;;;
382;Kopiec;Kłobuck;powiat kłobucki;256;;;;
383;Kopienica;Zbrosławice;powiat tarnogórski;654;;;;
384;Korbielów;Jeleśnia;powiat żywiecki;1092;;;;
385;Kornice;Pietrowice Wielkie;powiat raciborski;294;;;;
386;Kornowac;Kornowac;powiat raciborski;895;;;;
387;Korwinów;Poczesna;powiat częstochowski;563;;;;
388;Koryczany;Żarnowiec;powiat zawierciański;419;;;;
389;Korzonek;Konopiska;powiat częstochowski;366;;;;
390;Koski Drugie;Panki;powiat kłobucki;1;;;;
391;Koski Pierwsze;Panki;powiat kłobucki;87;;;;
392;Kostkowice;Dębowiec;powiat cieszyński;504;;;;
393;Kostkowice;Kroczyce;powiat zawierciański;331;;;;
394;Kostrzyna;Panki;powiat kłobucki;159;;;;
395;Kostrzyna;Przystajń;powiat kłobucki;284;;;;
396;Koszarawa;Koszarawa;powiat żywiecki;2252;;;;
397;Koszęcin;Koszęcin;powiat lubliniecki;4670;;;;
398;Koszwice;Pawonków;powiat lubliniecki;238;;;;
399;Kościelec;Rędziny;powiat częstochowski;1988;;;;
400;Kośmidry;Pawonków;powiat lubliniecki;691;;;;
401;Kotary;Panki;powiat kłobucki;47;;;;
402;Kotliszowice;Toszek;powiat gliwicki;233;;;;
403;Kotowice;Żarki;powiat myszkowski;452;;;;
404;Kotulin;Toszek;powiat gliwicki;1243;;;;
405;Koty;Tworóg;powiat tarnogórski;851;;;;
406;Kowale;Skoczów;powiat cieszyński;702;;;;
407;Kozakowice Dolne;Goleszów;powiat cieszyński;265;;;;
408;Kozakowice Górne;Goleszów;powiat cieszyński;464;;;;
409;Koziegłówki;Koziegłowy;powiat myszkowski;915;;;;
410;Kozłów;Sośnicowice;powiat gliwicki;1097;;;;
411;Kozy;Kozy;powiat bielski;13098;;;;
412;Krasawa;Olsztyn;powiat częstochowski;190;;;;
413;Krasice;Mstów;powiat częstochowski;667;;;;
414;Kroczyce;Kroczyce;powiat zawierciański;1929;;;;
415;Krostoszowice;Godów;powiat wodzisławski;1090;;;;
416;Krowiarki;Pietrowice Wielkie;powiat raciborski;844;;;;
417;Krupski Młyn;Krupski Młyn;powiat tarnogórski;2121;;;;
418;Krusin;Koziegłowy;powiat myszkowski;205;;;;
419;Kruszyna;Kruszyna;powiat częstochowski;946;;;;
420;Kryry;Suszec;powiat pszczyński;1449;;;;
421;Krzanowice;Krzanowice;powiat raciborski;367;;;;
422;Krzyżanowice;Krzyżanowice;powiat raciborski;1929;;;;
423;Krzyżowa;Jeleśnia;powiat żywiecki;1340;;;;
424;Krzyżowice;Pawłowice;powiat pszczyński;985;;;;
425;Krzyżówki;Jeleśnia;powiat żywiecki;260;;;;
426;Książenice;Czerwionka-Leszczyny;powiat rybnicki;2662;;;;
427;Księży Las;Zbrosławice;powiat tarnogórski;438;;;;
428;Kuchary;Mstów;powiat częstochowski;501;;;;
429;Kule;Popów;powiat kłobucki;72;;;;
430;Kuleje;Wręczyca Wielka;powiat kłobucki;660;;;;
431;Kusięta;Olsztyn;powiat częstochowski;1196;;;;
432;Kuśmierki;Mstów;powiat częstochowski;121;;;;
433;Kuźnia Nieborowska;Pilchowice;powiat gliwicki;475;;;;
434;Kuźnica Grodziska;Koniecpol;powiat częstochowski;232;;;;
435;Kuźnica Kiedrzyńska;Mykanów;powiat częstochowski;560;;;;
436;Kuźnica Lechowa;Mykanów;powiat częstochowski;278;;;;
437;Kuźnica Masłońska;Łazy;powiat zawierciański;160;;;;
438;Kuźnica Nowa;Przystajń;powiat kłobucki;90;;;;
439;Kuźnica Stara;Poraj;powiat myszkowski;365;;;;
440;Kuźnica Stara;Przystajń;powiat kłobucki;439;;;;
441;Kuźnica Wąsowska;Koniecpol;powiat częstochowski;52;;;;
442;Kuźnica;Kłomnice;powiat częstochowski;108;;;;
443;Laliki;Milówka;powiat żywiecki;935;;;;
444;Landek;Jasienica;powiat bielski;617;;;;
445;Laryszów;Zbrosławice;powiat tarnogórski;396;;;;
446;Las;Ślemień;powiat żywiecki;795;;;;
447;Lasaki;Rudnik;powiat raciborski;148;;;;
448;Leboszowice;Pilchowice;powiat gliwicki;401;;;;
449;Lekartów;Pietrowice Wielkie;powiat raciborski;199;;;;
450;Lelity;Popów;powiat kłobucki;64;;;;
451;Lelów;Lelów;powiat częstochowski;1116;;;;
452;Leszna Górna;Goleszów;powiat cieszyński;504;;;;
453;Leśna;Lipowa;powiat żywiecki;2174;;;;
454;Leśniaki;Siewierz;powiat będziński;390;;;;
455;Lgoczanka;Janów;powiat częstochowski;232;;;;
456;Lgota Błotna;Lelów;powiat częstochowski;151;;;;
457;Lgota Gawronna;Lelów;powiat częstochowski;111;;;;
458;Lgota Górna;Koziegłowy;powiat myszkowski;807;;;;
459;Lgota Mała;Kruszyna;powiat częstochowski;560;;;;
460;Lgota Murowana;Kroczyce;powiat zawierciański;417;;;;
461;Lgota-Mokrzesz;Koziegłowy;powiat myszkowski;375;;;;
462;Lgota-Nadwarcie;Koziegłowy;powiat myszkowski;480;;;;
463;Lgota;Kłobuck;powiat kłobucki;513;;;;
464;Lgotka;Kroczyce;powiat zawierciański;100;;;;
465;Libidza;Kłobuck;powiat kłobucki;688;;;;
466;Ligota Książęca;Rudnik;powiat raciborski;150;;;;
467;Ligota Łabędzka;Rudziniec;powiat gliwicki;280;;;;
468;Ligota Toszecka;Toszek;powiat gliwicki;270;;;;
469;Ligota Tworkowska;Lubomia;powiat wodzisławski;4;;;;
470;Ligota;Czechowice-Dziedzice;powiat bielski;5033;;;;
471;Lindów;Lipie;powiat kłobucki;227;;;;
472;Lipicze;Kłomnice;powiat częstochowski;298;;;;
473;Lipie;Dąbrowa Zielona;powiat częstochowski;36;;;;
474;Lipie;Lipie;powiat kłobucki;1064;;;;
475;Lipnik;Janów;powiat częstochowski;160;;;;
476;Lipowa;Lipowa;powiat żywiecki;4928;;;;
477;Lisowice;Pawonków;powiat lubliniecki;1096;;;;
478;Lisów;Herby;powiat lubliniecki;1929;;;;
479;Lubecko;Kochanowice;powiat lubliniecki;785;;;;
480;Lubockie;Kochanowice;powiat lubliniecki;553;;;;
481;Lubojenka;Mykanów;powiat częstochowski;597;;;;
482;Lubojna;Mykanów;powiat częstochowski;1053;;;;
483;Lubomia;Lubomia;powiat wodzisławski;3704;;;;
484;Luborcza;Koniecpol;powiat częstochowski;223;;;;
485;Lubsza;Woźniki;powiat lubliniecki;968;;;;
486;Ludwinów;Niegowa;powiat myszkowski;292;;;;
487;Lusławice;Janów;powiat częstochowski;336;;;;
488;Lutrowskie;Krzepice;powiat kłobucki;264;;;;
489;Lyski;Lyski;powiat rybnicki;1844;;;;
490;Łabędź;Koniecpol;powiat częstochowski;80;;;;
491;Łagiewniki Małe;Pawonków;powiat lubliniecki;739;;;;
492;Łagiewniki Wielkie;Pawonków;powiat lubliniecki;610;;;;
493;Łany Małe;Żarnowiec;powiat zawierciański;202;;;;
494;Łany Średnie;Żarnowiec;powiat zawierciański;251;;;;
495;Łany Wielkie;Sośnicowice;powiat gliwicki;734;;;;
496;Łany Wielkie;Żarnowiec;powiat zawierciański;302;;;;
497;Łany;Rudziniec;powiat gliwicki;385;;;;
498;Łańce;Kornowac;powiat raciborski;649;;;;
499;Łaziec;Konopiska;powiat częstochowski;428;;;;
500;Łaziska;Godów;powiat wodzisławski;1714;;;;
501;Łazy;Jasienica;powiat bielski;976;;;;
502;Łącza;Rudziniec;powiat gliwicki;350;;;;
503;Łączka;Dębowiec;powiat cieszyński;354;;;;
504;Łąka;Pszczyna;powiat pszczyński;3308;;;;
505;Łąkietka;Szczekociny;powiat zawierciański;1;;;;
506;Łebki;Herby;powiat lubliniecki;61;;;;
507;Łęg;Kruszyna;powiat częstochowski;93;;;;
508;Łęg;Nędza;powiat raciborski;407;;;;
509;Łękawica;Łękawica;powiat żywiecki;2372;;;;
510;Łobodno;Kłobuck;powiat kłobucki;1709;;;;
511;Łochynia;Mykanów;powiat częstochowski;265;;;;
512;Łodygowice;Łodygowice;powiat żywiecki;7683;;;;
513;Łojki;Blachownia;powiat częstochowski;1226;;;;
514;Łubie;Zbrosławice;powiat tarnogórski;688;;;;
515;Łubki;Zbrosławice;powiat tarnogórski;147;;;;
516;Łubowice;Rudnik;powiat raciborski;335;;;;
517;Ługi-Radły;Przystajń;powiat kłobucki;393;;;;
518;Łuków Śląski;Gaszowice;powiat rybnicki;757;;;;
519;Łuszczyn;Mstów;powiat częstochowski;64;;;;
520;Łutowiec;Niegowa;powiat myszkowski;135;;;;
521;Łysaków;Koniecpol;powiat częstochowski;37;;;;
522;Łysiec;Starcza;powiat częstochowski;557;;;;
523;Łysina;Łękawica;powiat żywiecki;98;;;;
524;Łysiny;Koniecpol;powiat częstochowski;238;;;;
525;Madalin;Rędziny;powiat częstochowski;1;;;;
526;Maków;Pietrowice Wielkie;powiat raciborski;596;;;;
527;Malinowice;Psary;powiat będziński;807;;;;
528;Małachów;Szczekociny;powiat zawierciański;1;;;;
529;Małoszyce;Żarnowiec;powiat zawierciański;282;;;;
530;Małusy Małe;Mstów;powiat częstochowski;317;;;;
531;Małusy Wielkie;Mstów;powiat częstochowski;431;;;;
532;Marianka Rędzińska;Rędziny;powiat częstochowski;568;;;;
533;Marianów;Popów;powiat kłobucki;123;;;;
534;Marklowice Górne;Zebrzydowice;powiat cieszyński;1105;;;;
535;Marklowice;Marklowice;powiat wodzisławski;5366;;;;
536;Markowice;Koziegłowy;powiat myszkowski;349;;;;
537;Masłońskie;Poraj;powiat myszkowski;648;;;;
538;Mazańcowice;Jasienica;powiat bielski;4065;;;;
539;Mazówki;Miedźno;powiat kłobucki;257;;;;
540;Mazury;Poczesna;powiat częstochowski;159;;;;
541;Mełchów;Lelów;powiat częstochowski;83;;;;
542;Meszna;Wilkowice;powiat bielski;2248;;;;
543;Michalinów;Przystajń;powiat kłobucki;1;;;;
544;Michałów Rudnicki;Kłomnice;powiat częstochowski;1;;;;
545;Michałów Rudnicki;Kłomnice;powiat częstochowski;182;;;;
546;Michałów;Koniecpol;powiat częstochowski;1;;;;
547;Michałów;Poczesna;powiat częstochowski;301;;;;
548;Miedary;Zbrosławice;powiat tarnogórski;1099;;;;
549;Miedźna;Miedźna;powiat pszczyński;1745;;;;
550;Miedźno;Miedźno;powiat kłobucki;2430;;;;
551;Mierzęcice;Mierzęcice;powiat będziński;2892;;;;
552;Międzybrodzie Bialskie;Czernichów;powiat żywiecki;3286;;;;
553;Międzybrodzie Żywieckie;Czernichów;powiat żywiecki;1448;;;;
554;Międzyrzecze Dolne;Jasienica;powiat bielski;1283;;;;
555;Międzyrzecze Górne;Jasienica;powiat bielski;2914;;;;
556;Międzyrzecze;Bojszowy;powiat bieruńsko-lędziński;1;;;;
557;Międzyświeć;Skoczów;powiat cieszyński;1242;;;;
558;Mikołajewice;Irządze;powiat zawierciański;98;;;;
559;Mikołeska;Tworóg;powiat tarnogórski;119;;;;
560;Milionów;Dąbrowa Zielona;powiat częstochowski;48;;;;
561;Milówka;Milówka;powiat żywiecki;4426;;;;
562;Miłość;Koziegłowy;powiat myszkowski;94;;;;
563;Mirów;Niegowa;powiat myszkowski;184;;;;
564;Mitręga;Łazy;powiat zawierciański;32;;;;
565;Mizerów;Suszec;powiat pszczyński;1559;;;;
566;Młynek;Poczesna;powiat częstochowski;1;;;;
567;Mnich;Chybie;powiat cieszyński;3636;;;;
568;Mochała;Herby;powiat lubliniecki;198;;;;
569;Moczydło;Niegowa;powiat myszkowski;242;;;;
570;Modzurów;Rudnik;powiat raciborski;412;;;;
571;Mokra;Miedźno;powiat kłobucki;738;;;;
572;Mokrus;Ogrodzieniec;powiat zawierciański;288;;;;
573;Mokrzesz;Mstów;powiat częstochowski;619;;;;
574;Molna;Ciasna;powiat lubliniecki;326;;;;
575;Morsko;Włodowice;powiat zawierciański;316;;;;
576;Mrówczak;Przystajń;powiat kłobucki;258;;;;
577;Mstów;Mstów;powiat częstochowski;1647;;;;
578;Mszana;Mszana;powiat wodzisławski;3874;;;;
579;Mutne;Jeleśnia;powiat żywiecki;443;;;;
580;Mykanów;Mykanów;powiat częstochowski;1056;;;;
581;Mysłów;Koziegłowy;powiat myszkowski;630;;;;
582;Myszkowice;Bobrowniki;powiat będziński;526;;;;
583;Mzurów;Niegowa;powiat myszkowski;359;;;;
584;Mzyki;Koziegłowy;powiat myszkowski;395;;;;
585;Najdziszów;Mierzęcice;powiat będziński;186;;;;
586;Nakło Śląskie;Świerklaniec;powiat tarnogórski;4224;;;;
587;Nakło;Lelów;powiat częstochowski;476;;;;
588;Napoleon;Lipie;powiat kłobucki;100;;;;
589;Natolin;Lipie;powiat kłobucki;198;;;;
590;Nędza;Nędza;powiat raciborski;3114;;;;
591;Nieboczowy;Lubomia;powiat wodzisławski;230;;;;
592;Nieborowice;Pilchowice;powiat gliwicki;1389;;;;
593;Niebyła;Dąbrowa Zielona;powiat częstochowski;27;;;;
594;Niegowa;Niegowa;powiat myszkowski;751;;;;
595;Niegowonice;Łazy;powiat zawierciański;1918;;;;
596;Niegowoniczki;Łazy;powiat zawierciański;601;;;;
597;Niegówka;Niegowa;powiat myszkowski;90;;;;
598;Niekarmia;Rudziniec;powiat gliwicki;126;;;;
599;Nieledwia;Milówka;powiat żywiecki;950;;;;
600;Nierada;Poczesna;powiat częstochowski;1090;;;;
601;Niewiesze;Rudziniec;powiat gliwicki;343;;;;
602;Niezdara;Ożarowice;powiat tarnogórski;519;;;;
603;Nieznanice;Kłomnice;powiat częstochowski;556;;;;
604;Niwki;Kłomnice;powiat częstochowski;1;;;;
605;Niwy;Woźniki;powiat lubliniecki;1;;;;
606;Nowa Kuźnica;Koziegłowy;powiat myszkowski;290;;;;
607;Nowa Tworoska;Tworóg;powiat tarnogórski;909;;;;
608;Nowa Wieś;Dąbrowa Zielona;powiat częstochowski;122;;;;
609;Nowa Wieś;Kłobuck;powiat kłobucki;298;;;;
610;Nowa Wieś;Poczesna;powiat częstochowski;579;;;;
611;Nowa Wieś;Popów;powiat kłobucki;199;;;;
612;Nowa Wieś;Lyski;powiat rybnicki;430;;;;
613;Nowa Wieś;Mierzęcice;powiat będziński;811;;;;
614;Nowa Wioska;Krzyżanowice;powiat raciborski;335;;;;
615;Nowa Wioska;Siewierz;powiat będziński;104;;;;
616;Nowe Bojszowy;Bojszowy;powiat bieruńsko-lędziński;1;;;;
617;Nowe Chechło;Świerklaniec;powiat tarnogórski;2049;;;;
618;Nowiny;Wręczyca Wielka;powiat kłobucki;318;;;;
619;Nowy Broniszew;Mykanów;powiat częstochowski;297;;;;
620;Nowy Kocin;Mykanów;powiat częstochowski;369;;;;
621;Oblasy;Koniecpol;powiat częstochowski;148;;;;
622;Ochaby Małe;Skoczów;powiat cieszyński;1171;;;;
623;Ochaby Wielkie;Skoczów;powiat cieszyński;963;;;;
624;Oczko;Koziegłowy;powiat myszkowski;109;;;;
625;Odra;Gorzyce;powiat wodzisławski;367;;;;
626;Ogorzelnik;Niegowa;powiat myszkowski;232;;;;
627;Ogrodzona;Dębowiec;powiat cieszyński;822;;;;
628;Okołowice;Koniecpol;powiat częstochowski;311;;;;
629;Okrajnik;Łękawica;powiat żywiecki;754;;;;
630;Okrąglik;Janów;powiat częstochowski;62;;;;
631;Okrąglik;Woźniki;powiat lubliniecki;1;;;;
632;Olbrachcice;Dąbrowa Zielona;powiat częstochowski;404;;;;
633;Olsztyn;Olsztyn;powiat częstochowski;2541;;;;
634;Olszyna;Herby;powiat lubliniecki;708;;;;
635;Olza;Gorzyce;powiat wodzisławski;1548;;;;
636;Ołudza;Szczekociny;powiat zawierciański;285;;;;
637;Opatów;Opatów;powiat kłobucki;1164;;;;
638;Ornontowice;Ornontowice;powiat mikołowski;6178;;;;
639;Orzech;Świerklaniec;powiat tarnogórski;2276;;;;
640;Osiek;Koziegłowy;powiat myszkowski;208;;;;
641;Osiny;Kamienica Polska;powiat częstochowski;785;;;;
642;Ossy;Ożarowice;powiat tarnogórski;514;;;;
643;Ostre;Lipowa;powiat żywiecki;426;;;;
644;Ostrowy nad Okszą;Miedźno;powiat kłobucki;2043;;;;
645;Ostrów;Kochanowice;powiat lubliniecki;1;;;;
646;Ostrów;Żarki;powiat myszkowski;293;;;;
647;Otola Mała;Żarnowiec;powiat zawierciański;47;;;;
648;Otola;Żarnowiec;powiat zawierciański;395;;;;
649;Owsiszcze;Krzyżanowice;powiat raciborski;761;;;;
650;Ożarowice;Ożarowice;powiat tarnogórski;1750;;;;
651;Pabianice;Janów;powiat częstochowski;224;;;;
652;Pacanów;Panki;powiat kłobucki;1;;;;
653;Pacierzów;Kłomnice;powiat częstochowski;461;;;;
654;Paczyna;Toszek;powiat gliwicki;1198;;;;
655;Paczynka;Toszek;powiat gliwicki;65;;;;
656;Pakuły;Woźniki;powiat lubliniecki;1;;;;
657;Palowice;Czerwionka-Leszczyny;powiat rybnicki;1523;;;;
658;Paniówki;Gierałtowice;powiat gliwicki;3158;;;;
659;Panki;Panki;powiat kłobucki;1884;;;;
660;Panoszów;Ciasna;powiat lubliniecki;484;;;;
661;Parkoszowice;Włodowice;powiat zawierciański;247;;;;
662;Parzymiechy;Lipie;powiat kłobucki;622;;;;
663;Paulinów;Lelów;powiat częstochowski;32;;;;
664;Pawełki;Kochanowice;powiat lubliniecki;224;;;;
665;Pawłowice;Pawłowice;powiat pszczyński;9085;;;;
666;Pawłowice;Toszek;powiat gliwicki;82;;;;
667;Pawłów;Pietrowice Wielkie;powiat raciborski;602;;;;
668;Pawonków;Pawonków;powiat lubliniecki;1490;;;;
669;Pewel Mała;Świnna;powiat żywiecki;1521;;;;
670;Pewel Ślemieńska;Świnna;powiat żywiecki;1558;;;;
671;Pewel Wielka;Jeleśnia;powiat żywiecki;1445;;;;
672;Pękowiec;Koniecpol;powiat częstochowski;1;;;;
673;Piaseczno;Kroczyce;powiat zawierciański;87;;;;
674;Piasek;Janów;powiat częstochowski;344;;;;
675;Piasek;Woźniki;powiat lubliniecki;315;;;;
676;Piasek;Pszczyna;powiat pszczyński;3803;;;;
677;Piaski;Koniecpol;powiat częstochowski;65;;;;
678;Piece;Gaszowice;powiat rybnicki;1025;;;;
679;Pielgrzymowice;Pawłowice;powiat pszczyński;2877;;;;
680;Pierściec;Skoczów;powiat cieszyński;2083;;;;
681;Pierzchno;Wręczyca Wielka;powiat kłobucki;405;;;;
682;Pietraszyn;Krzanowice;powiat raciborski;358;;;;
683;Pietrowice Wielkie;Pietrowice Wielkie;powiat raciborski;2149;;;;
684;Pietrzaki;Herby;powiat lubliniecki;91;;;;
685;Pietrzykowice;Łodygowice;powiat żywiecki;4745;;;;
686;Pilchowice;Pilchowice;powiat gliwicki;3246;;;;
687;Piła Druga;Wręczyca Wielka;powiat kłobucki;313;;;;
688;Piła Pierwsza;Wręczyca Wielka;powiat kłobucki;308;;;;
689;Pińczyce;Koziegłowy;powiat myszkowski;1015;;;;
690;Pisarzowice;Wilamowice;powiat bielski;6189;;;;
691;Pisarzowice;Toszek;powiat gliwicki;317;;;;
692;Płaczki;Popów;powiat kłobucki;107;;;;
693;Pławniowice;Rudziniec;powiat gliwicki;804;;;;
694;Płużniczka;Toszek;powiat gliwicki;218;;;;
695;Pniów;Toszek;powiat gliwicki;698;;;;
696;Pniówek;Pawłowice;powiat pszczyński;497;;;;
697;Poczesna;Poczesna;powiat częstochowski;784;;;;
698;Podbucze;Godów;powiat wodzisławski;201;;;;
699;Podlesice;Kroczyce;powiat zawierciański;287;;;;
700;Podlesie;Kamienica Polska;powiat częstochowski;1;;;;
701;Podlesie;Lelów;powiat częstochowski;514;;;;
702;Podleśna;Pilica;powiat zawierciański;43;;;;
703;Podłęże Królewskie;Krzepice;powiat kłobucki;196;;;;
704;Podłęże Szlacheckie;Przystajń;powiat kłobucki;285;;;;
705;Podwarpie;Siewierz;powiat będziński;672;;;;
706;Podzamcze;Ogrodzieniec;powiat zawierciański;966;;;;
707;Pogórze;Skoczów;powiat cieszyński;2076;;;;
708;Pogrzebień;Kornowac;powiat raciborski;1345;;;;
709;Pogwizdów;Hażlach;powiat cieszyński;3583;;;;
710;Połomia;Mszana;powiat wodzisławski;2602;;;;
711;Połomia;Tworóg;powiat tarnogórski;562;;;;
712;Ponięcice;Rudnik;powiat raciborski;226;;;;
713;Ponik;Janów;powiat częstochowski;343;;;;
714;Poniszowice;Rudziniec;powiat gliwicki;539;;;;
715;Popów;Popów;powiat kłobucki;703;;;;
716;Poraj;Poraj;powiat myszkowski;4156;;;;
717;Porąbka;Porąbka;powiat bielski;4044;;;;
718;Poręba;Pszczyna;powiat pszczyński;1134;;;;
719;Postaszowice;Niegowa;powiat myszkowski;251;;;;
720;Postęp;Koziegłowy;powiat myszkowski;324;;;;
721;Potępa;Krupski Młyn;powiat tarnogórski;960;;;;
722;Pradła;Kroczyce;powiat zawierciański;636;;;;
723;Praszczyki;Panki;powiat kłobucki;556;;;;
724;Preczów;Psary;powiat będziński;1036;;;;
725;Proboszczowice;Toszek;powiat gliwicki;142;;;;
726;Pruchna;Strumień;powiat cieszyński;2472;;;;
727;Przeczyce;Mierzęcice;powiat będziński;1441;;;;
728;Przegędza;Czerwionka-Leszczyny;powiat rybnicki;1755;;;;
729;Przezchlebie;Zbrosławice;powiat tarnogórski;882;;;;
730;Przybędza;Radziechowy-Wieprz;powiat żywiecki;1;;;;
731;Przyborów;Jeleśnia;powiat żywiecki;1650;;;;
732;Przybyłów;Kłomnice;powiat częstochowski;27;;;;
733;Przybynów;Żarki;powiat myszkowski;709;;;;
734;Przychody;Pilica;powiat zawierciański;160;;;;
735;Przyłęk;Szczekociny;powiat zawierciański;91;;;;
736;Przyłęków;Świnna;powiat żywiecki;305;;;;
737;Przyłubsko;Kroczyce;powiat zawierciański;186;;;;
738;Przymiłowice-Kotysów;Olsztyn;powiat częstochowski;1;;;;
739;Przymiłowice-Podgrabie;Olsztyn;powiat częstochowski;1;;;;
740;Przymiłowice;Olsztyn;powiat częstochowski;826;;;;
741;Przyrów;Przyrów;powiat częstochowski;1144;;;;
742;Przystajń;Przystajń;powiat kłobucki;2306;;;;
743;Przyszowice;Gierałtowice;powiat gliwicki;3414;;;;
744;Psary;Woźniki;powiat lubliniecki;1298;;;;
745;Psary;Psary;powiat będziński;2774;;;;
746;Pstrążna;Lyski;powiat rybnicki;991;;;;
747;Ptakowice;Zbrosławice;powiat tarnogórski;579;;;;
748;Puńców;Goleszów;powiat cieszyński;1660;;;;
749;Pustkowie Lgockie;Koziegłowy;powiat myszkowski;307;;;;
750;Puszczew;Wręczyca Wielka;powiat kłobucki;666;;;;
751;Pyrzowice;Ożarowice;powiat tarnogórski;561;;;;
752;Rachowice;Sośnicowice;powiat gliwicki;737;;;;
753;Raczkowice;Dąbrowa Zielona;powiat częstochowski;206;;;;
754;Radonia;Wielowieś;powiat gliwicki;407;;;;
755;Radostków-Kolonia;Mykanów;powiat częstochowski;1;;;;
756;Radostków;Mykanów;powiat częstochowski;969;;;;
757;Radostowice;Suszec;powiat pszczyński;1810;;;;
758;Radoszewnica;Koniecpol;powiat częstochowski;407;;;;
759;Raduń;Wielowieś;powiat gliwicki;72;;;;
760;Radziechowy;Radziechowy-Wieprz;powiat żywiecki;5405;;;;
761;Rajcza;Rajcza;powiat żywiecki;3320;;;;
762;Raszczyce;Lyski;powiat rybnicki;1098;;;;
763;Rębielice Królewskie;Popów;powiat kłobucki;784;;;;
764;Rębielice Szlacheckie;Lipie;powiat kłobucki;446;;;;
765;Rędziny;Rędziny;powiat częstochowski;4637;;;;
766;Rędziny;Szczekociny;powiat zawierciański;40;;;;
767;Rększowice;Konopiska;powiat częstochowski;917;;;;
768;Rogoźnik;Bobrowniki;powiat będziński;3075;;;;
769;Rogów;Gorzyce;powiat wodzisławski;3122;;;;
770;Rokitno Szlacheckie;Łazy;powiat zawierciański;1233;;;;
771;Rokitno;Szczekociny;powiat zawierciański;761;;;;
772;Romanów;Kamienica Polska;powiat częstochowski;1;;;;
773;Roszków;Krzyżanowice;powiat raciborski;408;;;;
774;Rozalin;Lipie;powiat kłobucki;97;;;;
775;Roztropice;Jasienica;powiat bielski;774;;;;
776;Ruda Kozielska;Kuźnia Raciborska;powiat raciborski;588;;;;
777;Ruda;Kuźnia Raciborska;powiat raciborski;239;;;;
778;Rudnik Mały;Starcza;powiat częstochowski;515;;;;
779;Rudnik Wielki;Kamienica Polska;powiat częstochowski;1002;;;;
780;Rudnik;Hażlach;powiat cieszyński;526;;;;
781;Rudnik;Rudnik;powiat raciborski;1003;;;;
782;Rudniki-Kolonia;Koniecpol;powiat częstochowski;73;;;;
783;Rudniki;Koniecpol;powiat częstochowski;76;;;;
784;Rudniki;Rędziny;powiat częstochowski;1512;;;;
785;Rudniki;Włodowice;powiat zawierciański;1301;;;;
786;Rudno;Rudziniec;powiat gliwicki;1114;;;;
787;Rudołtowice;Pszczyna;powiat pszczyński;1211;;;;
788;Rudy;Kuźnia Raciborska;powiat raciborski;2745;;;;
789;Rudyszwałd;Krzyżanowice;powiat raciborski;712;;;;
790;Rudzica;Jasienica;powiat bielski;3196;;;;
791;Rudziczka;Suszec;powiat pszczyński;1579;;;;
792;Rudziniec;Rudziniec;powiat gliwicki;1530;;;;
793;Rusinowice;Koszęcin;powiat lubliniecki;1450;;;;
794;Rybarzowice;Buczkowice;powiat bielski;3506;;;;
795;Rybna;Mykanów;powiat częstochowski;693;;;;
796;Rybno;Kłobuck;powiat kłobucki;202;;;;
797;Rycerka Dolna;Rajcza;powiat żywiecki;1458;;;;
798;Rycerka Górna;Rajcza;powiat żywiecki;1399;;;;
799;Rychwałd;Gilowice;powiat żywiecki;1700;;;;
800;Rychwałdek;Świnna;powiat żywiecki;835;;;;
801;Ryczów-Kolonia;Ogrodzieniec;powiat zawierciański;327;;;;
802;Ryczów;Ogrodzieniec;powiat zawierciański;813;;;;
803;Rywaczki;Miedźno;powiat kłobucki;1;;;;
804;Rzeczyce;Rudziniec;powiat gliwicki;707;;;;
805;Rzeki Małe;Kłomnice;powiat częstochowski;259;;;;
806;Rzeki Wielkie;Kłomnice;powiat częstochowski;371;;;;
807;Rzeniszów;Koziegłowy;powiat myszkowski;408;;;;
808;Rzerzęczyce;Kłomnice;powiat częstochowski;1838;;;;
809;Rzędkowice;Włodowice;powiat zawierciański;528;;;;
810;Rzuchów;Kornowac;powiat raciborski;1111;;;;
811;Sadowie;Irządze;powiat zawierciański;244;;;;
812;Sadowie;Mierzęcice;powiat będziński;432;;;;
813;Sadów;Koszęcin;powiat lubliniecki;1506;;;;
814;Samborowice;Pietrowice Wielkie;powiat raciborski;639;;;;
815;Sarnów;Psary;powiat będziński;2016;;;;
816;Sarnów;Toszek;powiat gliwicki;389;;;;
817;Sączów;Bobrowniki;powiat będziński;1373;;;;
818;Siadcza;Pilica;powiat zawierciański;154;;;;
819;Siamoszyce;Kroczyce;powiat zawierciański;206;;;;
820;Siedlec Duży;Koziegłowy;powiat myszkowski;801;;;;
821;Siedlec Mały;Koziegłowy;powiat myszkowski;55;;;;
822;Siedlec;Janów;powiat częstochowski;544;;;;
823;Siedlec;Mstów;powiat częstochowski;494;;;;
824;Siedliska;Szczekociny;powiat zawierciański;220;;;;
825;Siedliska;Kuźnia Raciborska;powiat raciborski;558;;;;
826;Siedliszowice;Kroczyce;powiat zawierciański;321;;;;
827;Siekierowizna;Przystajń;powiat kłobucki;99;;;;
828;Siemięrzyce;Kroczyce;powiat zawierciański;167;;;;
829;Siemonia;Bobrowniki;powiat będziński;992;;;;
830;Sienna;Lipowa;powiat żywiecki;947;;;;
831;Sierakowice;Sośnicowice;powiat gliwicki;1143;;;;
832;Sieraków Śląski;Ciasna;powiat lubliniecki;1562;;;;
833;Sieraków;Przyrów;powiat częstochowski;209;;;;
834;Sierbowice;Pilica;powiat zawierciański;186;;;;
835;Sieroty;Wielowieś;powiat gliwicki;507;;;;
836;Simoradz;Dębowiec;powiat cieszyński;990;;;;
837;Skałka;Włodowice;powiat zawierciański;228;;;;
838;Skowronów;Janów;powiat częstochowski;105;;;;
839;Skrajnica;Olsztyn;powiat częstochowski;360;;;;
840;Skrajniwa;Lelów;powiat częstochowski;114;;;;
841;Skrbeńsko;Godów;powiat wodzisławski;974;;;;
842;Skrzydlów;Kłomnice;powiat częstochowski;811;;;;
843;Skrzydłowice;Pawonków;powiat lubliniecki;353;;;;
844;Skrzyszów;Godów;powiat wodzisławski;3751;;;;
845;Sławienko;Rudnik;powiat raciborski;9;;;;
846;Sławików;Rudnik;powiat raciborski;437;;;;
847;Sławniów;Pilica;powiat zawierciański;781;;;;
848;Słotwina;Lipowa;powiat żywiecki;812;;;;
849;Słowik;Poczesna;powiat częstochowski;871;;;;
850;Słupsko;Rudziniec;powiat gliwicki;415;;;;
851;Smolarze;Popów;powiat kłobucki;1;;;;
852;Smoleń;Pilica;powiat zawierciański;229;;;;
853;Smolnica;Sośnicowice;powiat gliwicki;1438;;;;
854;Smyków;Przyrów;powiat częstochowski;67;;;;
855;Soblówka;Ujsoły;powiat żywiecki;555;;;;
856;Soborzyce;Dąbrowa Zielona;powiat częstochowski;708;;;;
857;Sobuczyna;Poczesna;powiat częstochowski;199;;;;
858;Sokole Pole;Janów;powiat częstochowski;154;;;;
859;Sokolniki;Niegowa;powiat myszkowski;740;;;;
860;Solarnia;Pawonków;powiat lubliniecki;401;;;;
861;Solca;Pilica;powiat zawierciański;144;;;;
862;Sopotnia Mała;Jeleśnia;powiat żywiecki;1172;;;;
863;Sopotnia Wielka;Jeleśnia;powiat żywiecki;1614;;;;
864;Sól-Kiczora;Rajcza;powiat żywiecki;1;;;;
865;Sól;Rajcza;powiat żywiecki;1573;;;;
866;Srocko;Mstów;powiat częstochowski;461;;;;
867;Stanica;Pilchowice;powiat gliwicki;1603;;;;
868;Stanisławice;Koniecpol;powiat częstochowski;153;;;;
869;Stanisławów;Lipie;powiat kłobucki;480;;;;
870;Stanisławów;Przyrów;powiat częstochowski;82;;;;
871;Stanki;Krzepice;powiat kłobucki;69;;;;
872;Stanowice;Czerwionka-Leszczyny;powiat rybnicki;2554;;;;
873;Stany;Przystajń;powiat kłobucki;186;;;;
874;Stara Huta;Koziegłowy;powiat myszkowski;609;;;;
875;Stara Wieś;Wilamowice;powiat bielski;2138;;;;
876;Starcza;Starcza;powiat częstochowski;1245;;;;
877;Starokrzepice;Krzepice;powiat kłobucki;1173;;;;
878;Staromieście;Lelów;powiat częstochowski;252;;;;
879;Staropole;Przyrów;powiat częstochowski;205;;;;
880;Stary Broniszew;Mykanów;powiat częstochowski;658;;;;
881;Stary Cykarzew;Mykanów;powiat częstochowski;587;;;;
882;Stary Kocin;Mykanów;powiat częstochowski;524;;;;
883;Stary Koniecpol;Koniecpol;powiat częstochowski;610;;;;
884;Starzyny;Szczekociny;powiat zawierciański;265;;;;
885;Strzebiń;Koszęcin;powiat lubliniecki;3489;;;;
886;Strzybnik;Rudnik;powiat raciborski;245;;;;
887;Strzyżowice;Psary;powiat będziński;1918;;;;
888;Studzienice;Pszczyna;powiat pszczyński;2141;;;;
889;Studzionka;Pszczyna;powiat pszczyński;2383;;;;
890;Suliszowice;Żarki;powiat myszkowski;231;;;;
891;Sumina;Lyski;powiat rybnicki;997;;;;
892;Suszec;Suszec;powiat pszczyński;4591;;;;
893;Sygontka;Przyrów;powiat częstochowski;252;;;;
894;Syrynia;Lubomia;powiat wodzisławski;3247;;;;
895;Szałsza;Zbrosławice;powiat tarnogórski;906;;;;
896;Szare;Milówka;powiat żywiecki;757;;;;
897;Szarki;Krzepice;powiat kłobucki;235;;;;
898;Szarlejka;Wręczyca Wielka;powiat kłobucki;953;;;;
899;Szczejkowice;Czerwionka-Leszczyny;powiat rybnicki;1762;;;;
900;Szczerbice;Gaszowice;powiat rybnicki;2563;;;;
901;Szklarnia;Kochanowice;powiat lubliniecki;78;;;;
902;Szonowice;Rudnik;powiat raciborski;267;;;;
903;Szyce;Pilica;powiat zawierciański;336;;;;
904;Szymocice;Nędza;powiat raciborski;324;;;;
905;Szypowice;Kroczyce;powiat zawierciański;252;;;;
906;Szyszki;Szczekociny;powiat zawierciański;23;;;;
907;Szyszków;Lipie;powiat kłobucki;1;;;;
908;Ślemień;Ślemień;powiat żywiecki;2018;;;;
909;Ślęzany;Lelów;powiat częstochowski;458;;;;
910;Śliwaków;Kłomnice;powiat częstochowski;77;;;;
911;Świbie;Wielowieś;powiat gliwicki;1073;;;;
912;Świerczyniec;Bojszowy;powiat bieruńsko-lędziński;1;;;;
913;Świerklaniec;Świerklaniec;powiat tarnogórski;4250;;;;
914;Świerklany;Świerklany;powiat rybnicki;8318;;;;
915;Święta Anna;Dąbrowa Zielona;powiat częstochowski;169;;;;
916;Świętoszowice;Zbrosławice;powiat tarnogórski;560;;;;
917;Świętoszówka;Jasienica;powiat bielski;629;;;;
918;Świniowice;Tworóg;powiat tarnogórski;387;;;;
919;Świnna;Świnna;powiat żywiecki;2005;;;;
920;Taciszów;Rudziniec;powiat gliwicki;561;;;;
921;Tanina;Herby;powiat lubliniecki;1;;;;
922;Tąpkowice;Ożarowice;powiat tarnogórski;1088;;;;
923;Teklinów;Kruszyna;powiat częstochowski;329;;;;
924;Teodorów;Janów;powiat częstochowski;83;;;;
925;Teodorów;Koniecpol;powiat częstochowski;41;;;;
926;Teresów;Koniecpol;powiat częstochowski;73;;;;
927;Tęgobórz;Szczekociny;powiat zawierciański;208;;;;
928;Tomiszowice;Niegowa;powiat myszkowski;312;;;;
929;Toporowice;Mierzęcice;powiat będziński;952;;;;
930;Trachy;Sośnicowice;powiat gliwicki;794;;;;
931;Tresna;Czernichów;powiat żywiecki;672;;;;
932;Troniny;Lipie;powiat kłobucki;1;;;;
933;Truskolasy;Wręczyca Wielka;powiat kłobucki;1968;;;;
934;Trząska-Zawodzie;Kłomnice;powiat częstochowski;1;;;;
935;Trzciniec;Kroczyce;powiat zawierciański;10;;;;
936;Trzebinia;Świnna;powiat żywiecki;1738;;;;
937;Trzebniów;Niegowa;powiat myszkowski;322;;;;
938;Trzebyczka;Łazy;powiat zawierciański;91;;;;
939;Tuliszów;Siewierz;powiat będziński;260;;;;
940;Turów;Olsztyn;powiat częstochowski;600;;;;
941;Turza Śląska;Gorzyce;powiat wodzisławski;3645;;;;
942;Turza;Łazy;powiat zawierciański;275;;;;
943;Turze;Kuźnia Raciborska;powiat raciborski;733;;;;
944;Turzyn;Lelów;powiat częstochowski;315;;;;
945;Twardorzeczka;Lipowa;powiat żywiecki;1484;;;;
946;Twardowice;Bobrowniki;powiat będziński;464;;;;
947;Tworków;Krzyżanowice;powiat raciborski;2564;;;;
948;Tworóg Mały;Sośnicowice;powiat gliwicki;297;;;;
949;Tworóg;Tworóg;powiat tarnogórski;2537;;;;
950;Uchylsko;Gorzyce;powiat wodzisławski;356;;;;
951;Udórz;Żarnowiec;powiat zawierciański;235;;;;
952;Ujsoły;Ujsoły;powiat żywiecki;2167;;;;
953;Ulesie;Dąbrowa Zielona;powiat częstochowski;392;;;;
954;Walaszczyki;Konopiska;powiat częstochowski;101;;;;
955;Waleńczów;Opatów;powiat kłobucki;1153;;;;
956;Wanaty;Kamienica Polska;powiat częstochowski;674;;;;
957;Wancerzów;Mstów;powiat częstochowski;819;;;;
958;Wapiennik;Lipie;powiat kłobucki;297;;;;
959;Wapiennik;Miedźno;powiat kłobucki;296;;;;
960;Warężyn;Siewierz;powiat będziński;552;;;;
961;Warszowice;Pawłowice;powiat pszczyński;2124;;;;
962;Wąsosz Dolny;Popów;powiat kłobucki;250;;;;
963;Wąsosz Górny;Popów;powiat kłobucki;407;;;;
964;Wąsosz;Koniecpol;powiat częstochowski;61;;;;
965;Wąsosz;Konopiska;powiat częstochowski;512;;;;
966;Wędzina;Ciasna;powiat lubliniecki;589;;;;
967;Węgierska Górka;Węgierska Górka;powiat żywiecki;4080;;;;
968;Węglowice;Wręczyca Wielka;powiat kłobucki;330;;;;
969;Widów;Rudziniec;powiat gliwicki;285;;;;
970;Widzów;Kruszyna;powiat częstochowski;995;;;;
971;Widzówek;Kruszyna;powiat częstochowski;140;;;;
972;Wielowieś;Wielowieś;powiat gliwicki;1803;;;;
973;Wieprz;Radziechowy-Wieprz;powiat żywiecki;3691;;;;
974;Wierbka;Pilica;powiat zawierciański;754;;;;
975;Wiercica;Przyrów;powiat częstochowski;220;;;;
976;Wierzbica;Pilica;powiat zawierciański;304;;;;
977;Wierzbie;Koszęcin;powiat lubliniecki;384;;;;
978;Wierzchowisko;Mykanów;powiat częstochowski;2034;;;;
979;Wiesiółka;Łazy;powiat zawierciański;282;;;;
980;Wieszczęta;Jasienica;powiat bielski;524;;;;
981;Wieszowa;Zbrosławice;powiat tarnogórski;2387;;;;
982;Więcki;Popów;powiat kłobucki;408;;;;
983;Wikłów;Kruszyna;powiat częstochowski;154;;;;
984;Wilamowice;Skoczów;powiat cieszyński;574;;;;
985;Wilcza Góra;Przystajń;powiat kłobucki;86;;;;
986;Wilcza;Pilchowice;powiat gliwicki;2137;;;;
987;Wilgoszcza;Irządze;powiat zawierciański;132;;;;
988;Wilkowice;Wilkowice;powiat bielski;6889;;;;
989;Wilkowice;Zbrosławice;powiat tarnogórski;454;;;;
990;Wilkowiczki;Toszek;powiat gliwicki;253;;;;
991;Wilkowiecko;Opatów;powiat kłobucki;1075;;;;
992;Wilków;Irządze;powiat zawierciański;245;;;;
993;Winowno;Koziegłowy;powiat myszkowski;444;;;;
994;Wisła Mała;Pszczyna;powiat pszczyński;1347;;;;
995;Wisła Wielka;Pszczyna;powiat pszczyński;2313;;;;
996;Wiślica;Skoczów;powiat cieszyński;780;;;;
997;Wiśnicze;Wielowieś;powiat gliwicki;308;;;;
998;Witkowice;Kłomnice;powiat częstochowski;672;;;;
999;Witów;Irządze;powiat zawierciański;396;;;;
1000;Władysławów;Miedźno;powiat kłobucki;349;;;;
1001;Własna;Starcza;powiat częstochowski;369;;;;
1002;Włodowice;Włodowice;powiat zawierciański;1118;;;;
1003;Wojkowice Kościelne;Siewierz;powiat będziński;1377;;;;
1004;Wojnowice;Krzanowice;powiat raciborski;848;;;;
1005;Wojska;Tworóg;powiat tarnogórski;741;;;;
1006;Wojsławice;Koziegłowy;powiat myszkowski;390;;;;
1007;Wola Hankowska;Mykanów;powiat częstochowski;364;;;;
1008;Wola Kiedrzyńska;Mykanów;powiat częstochowski;444;;;;
1009;Wola Libertowska;Żarnowiec;powiat zawierciański;489;;;;
1010;Wola Mokrzeska;Przyrów;powiat częstochowski;356;;;;
1011;Wola;Miedźna;powiat pszczyński;7738;;;;
1012;Woźniki;Irządze;powiat zawierciański;105;;;;
1013;Wólka Ołudzka;Szczekociny;powiat zawierciański;130;;;;
1014;Wólka Starzyńska;Szczekociny;powiat zawierciański;115;;;;
1015;Wólka;Koniecpol;powiat częstochowski;47;;;;
1016;Wręczyca Mała;Wręczyca Wielka;powiat kłobucki;624;;;;
1017;Wręczyca Wielka;Wręczyca Wielka;powiat kłobucki;2928;;;;
1018;Wrzosowa;Poczesna;powiat częstochowski;1988;;;;
1019;Wrzosy;Popów;powiat kłobucki;1;;;;
1020;Wrzosy;Przystajń;powiat kłobucki;135;;;;
1021;Wydra;Wręczyca Wielka;powiat kłobucki;218;;;;
1022;Wygiełzów;Irządze;powiat zawierciański;140;;;;
1023;Wygoda;Konopiska;powiat częstochowski;541;;;;
1024;Wymysłów;Bobrowniki;powiat będziński;747;;;;
1025;Wyrazów;Blachownia;powiat częstochowski;547;;;;
1026;Wyry;Wyry;powiat mikołowski;4230;;;;
1027;Wysoka Lelowska;Żarki;powiat myszkowski;604;;;;
1028;Wysoka;Łazy;powiat zawierciański;1195;;;;
1029;Zabełków;Krzyżanowice;powiat raciborski;873;;;;
1030;Zabijak;Koziegłowy;powiat myszkowski;203;;;;
1031;Zabłocie;Strumień;powiat cieszyński;1497;;;;
1032;Zaborze;Chybie;powiat cieszyński;1119;;;;
1033;Zaborze;Żarki;powiat myszkowski;160;;;;
1034;Zabrodzie;Żarnowiec;powiat zawierciański;134;;;;
1035;Zabrzeg;Czechowice-Dziedzice;powiat bielski;3404;;;;
1036;Zacharzowice;Wielowieś;powiat gliwicki;280;;;;
1037;Zagacie;Koniecpol;powiat częstochowski;81;;;;
1038;Zagórze;Janów;powiat częstochowski;217;;;;
1039;Zagórze;Niegowa;powiat myszkowski;83;;;;
1040;Zajączki Drugie;Krzepice;powiat kłobucki;952;;;;
1041;Zajączki Pierwsze;Krzepice;powiat kłobucki;733;;;;
1042;Zalesice;Przyrów;powiat częstochowski;346;;;;
1043;Zaleszczyny;Dąbrowa Zielona;powiat częstochowski;1;;;;
1044;Załęże;Koniecpol;powiat częstochowski;113;;;;
1045;Zamarski;Hażlach;powiat cieszyński;1555;;;;
1046;Zamłynie;Wręczyca Wielka;powiat kłobucki;313;;;;
1047;Zarębice;Przyrów;powiat częstochowski;336;;;;
1048;Zaróg;Koniecpol;powiat częstochowski;74;;;;
1049;Zarzecze;Chybie;powiat cieszyński;269;;;;
1050;Zarzecze;Łodygowice;powiat żywiecki;1367;;;;
1051;Zarzecze;Pilica;powiat zawierciański;189;;;;
1052;Zasole Bielańskie;Wilamowice;powiat bielski;972;;;;
1053;Zawada Książęca;Nędza;powiat raciborski;703;;;;
1054;Zawada Pilicka;Irządze;powiat zawierciański;375;;;;
1055;Zawada;Kamienica Polska;powiat częstochowski;608;;;;
1056;Zawada;Kłomnice;powiat częstochowski;874;;;;
1057;Zawada;Mstów;powiat częstochowski;673;;;;
1058;Zawada;Żarki;powiat myszkowski;259;;;;
1059;Zawada;Mierzęcice;powiat będziński;200;;;;
1060;Zawada;Zbrosławice;powiat tarnogórski;331;;;;
1061;Zawadka;Irządze;powiat zawierciański;115;;;;
1062;Zawady;Popów;powiat kłobucki;1024;;;;
1063;Zawisna;Kamienica Polska;powiat częstochowski;544;;;;
1064;Zawodzie;Poczesna;powiat częstochowski;1154;;;;
1065;Zberezka;Kłomnice;powiat częstochowski;95;;;;
1066;Zborowskie;Ciasna;powiat lubliniecki;1041;;;;
1067;Zbory;Popów;powiat kłobucki;199;;;;
1068;Zbrojewsko;Lipie;powiat kłobucki;221;;;;
1069;Zbrosławice;Zbrosławice;powiat tarnogórski;3045;;;;
1070;Zbytków;Strumień;powiat cieszyński;1497;;;;
1071;Zdów;Włodowice;powiat zawierciański;488;;;;
1072;Zdrowa;Kłomnice;powiat częstochowski;590;;;;
1073;Zebrzydowice;Zebrzydowice;powiat cieszyński;5345;;;;
1074;Zendek;Ożarowice;powiat tarnogórski;1206;;;;
1075;Ziemięcice;Zbrosławice;powiat tarnogórski;992;;;;
1076;Zimnowoda;Lipie;powiat kłobucki;485;;;;
1077;Złatna;Ujsoły;powiat żywiecki;776;;;;
1078;Złochowice;Opatów;powiat kłobucki;1229;;;;
1079;Złoty Potok;Janów;powiat częstochowski;999;;;;
1080;Złożeniec;Pilica;powiat zawierciański;317;;;;
1081;Zrębice;Olsztyn;powiat częstochowski;1118;;;;
1082;Zumpy;Boronów;powiat lubliniecki;1;;;;
1083;Zwardoń;Rajcza;powiat żywiecki;802;;;;
1084;Zwierzyniec Drugi;Opatów;powiat kłobucki;195;;;;
1085;Zwierzyniec Pierwszy;Opatów;powiat kłobucki;430;;;;
1086;Zwierzyniec Trzeci;Panki;powiat kłobucki;315;;;;
1087;Zwonowice;Lyski;powiat rybnicki;1553;;;;
1088;Żabnica;Węgierska Górka;powiat żywiecki;3122;;;;
1089;Żarki-Letnisko;Poraj;powiat myszkowski;2682;;;;
1090;Żarnowiec;Żarnowiec;powiat zawierciański;641;;;;
1091;Żelazko;Ogrodzieniec;powiat zawierciański;224;;;;
1092;Żelisławice;Siewierz;powiat będziński;1209;;;;
1093;Żerdzina;Panki;powiat kłobucki;151;;;;
1094;Żerdziny;Pietrowice Wielkie;powiat raciborski;405;;;;
1095;Żernica;Pilchowice;powiat gliwicki;3119;;;;
1096;Żuraw;Janów;powiat częstochowski;458;;;;
1097;Żytna;Lyski;powiat rybnicki;586;;;;
